<?xml version="1.0" encoding="UTF-8"?>
<project-private xmlns="http://www.netbeans.org/ns/project-private/1">
    <editor-bookmarks xmlns="http://www.netbeans.org/ns/editor-bookmarks/2" lastBookmarkId="0"/>
    <open-files xmlns="http://www.netbeans.org/ns/projectui-open-files/2">
        <group>
            <file>file:/D:/6th_Semester/Advance_Java/Tutorial_04/src/java/EditServlet2.java</file>
            <file>file:/D:/6th_Semester/Advance_Java/Tutorial_04/src/java/DeleteServlet.java</file>
            <file>file:/D:/6th_Semester/Advance_Java/Tutorial_04/src/java/EmployeeDataServlet.java</file>
            <file>file:/D:/6th_Semester/Advance_Java/Tutorial_04/web/css/bootstrap.min.css</file>
            <file>file:/D:/6th_Semester/Advance_Java/Tutorial_04/src/java/Session_logout.java</file>
            <file>file:/D:/6th_Semester/Advance_Java/Tutorial_04/web/add_employee.html</file>
            <file>file:/D:/6th_Semester/Advance_Java/Tutorial_04/web/js/validation.js</file>
            <file>file:/D:/6th_Semester/Advance_Java/Tutorial_04/web/template_crud.html</file>
            <file>file:/D:/6th_Semester/Advance_Java/Tutorial_04/src/java/Employee_login_Servlet.java</file>
            <file>file:/D:/6th_Semester/Advance_Java/Tutorial_04/src/java/ConfirmEmpServlet.java</file>
            <file>file:/D:/6th_Semester/Advance_Java/Tutorial_04/web/html_session.html</file>
            <file>file:/D:/6th_Semester/Advance_Java/Tutorial_04/src/java/Pojo/Employee.java</file>
            <file>file:/D:/6th_Semester/Advance_Java/Tutorial_04/src/java/SaveEmpServlet.java</file>
            <file>file:/D:/6th_Semester/Advance_Java/Tutorial_04/src/java/ProfileServlet.java</file>
            <file>file:/D:/6th_Semester/Advance_Java/Tutorial_04/src/java/EditServlet.java</file>
            <file>file:/D:/6th_Semester/Advance_Java/Tutorial_04/web/index.html</file>
            <file>file:/D:/6th_Semester/Advance_Java/Tutorial_04/web/employee_login.html</file>
            <file>file:/D:/6th_Semester/Advance_Java/Tutorial_04/src/java/DAO/EmployeeDAO.java</file>
            <file>file:/D:/6th_Semester/Advance_Java/Tutorial_04/src/java/ViewServlet.java</file>
        </group>
    </open-files>
</project-private>
